<?xml version="1.0" encoding="UTF-8"?>
<beans xmlns="http://www.springframework.org/schema/beans"
	xmlns:xsi="http://www.w3.org/2001/XMLSchema-instance" xmlns:p="http://www.springframework.org/schema/p"
	xmlns:context="http://www.springframework.org/schema/context"
	xmlns:task="http://www.springframework.org/schema/task"
	xmlns:util="http://www.springframework.org/schema/util" xmlns:mvc="http://www.springframework.org/schema/mvc"
	xsi:schemaLocation="
      http://www.springframework.org/schema/beans
      http://www.springframework.org/schema/beans/spring-beans-4.2.xsd
      http://www.springframework.org/schema/util
      http://www.springframework.org/schema/util/spring-util-4.2.xsd
      http://www.springframework.org/schema/context 
      http://www.springframework.org/schema/context/spring-context-4.2.xsd
      http://www.springframework.org/schema/mvc
      http://www.springframework.org/schema/mvc/spring-mvc-4.2.xsd
      http://www.springframework.org/schema/task 
      http://www.springframework.org/schema/task/spring-task.xsd ">

	<!-- 使用默认的注解映射 -->
	<mvc:annotation-driven />
	<mvc:resources location="/" mapping="/index.html" />


	<!-- 自动扫描controller包中的控制器 -->
	<context:component-scan base-package="cn.mayongfa.api.controller" />
	<context:component-scan base-package="cn.mayongfa.controller" />

	<!-- 扫描定时作业调度包 -->
	<task:annotation-driven />
	<context:component-scan base-package="cn.mayongfa.quartz"/>
	
	<!--视图解释器 -->
	<bean id="viewResolver"
		class="org.springframework.web.servlet.view.freemarker.FreeMarkerViewResolver">
		<property name="cache" value="true" />
		<property name="prefix" value="" />
		<property name="suffix" value=".ftl" />
		<property name="contentType" value="text/html;charset=UTF-8"></property>
		<property name="requestContextAttribute" value="request" />
		<property name="exposeSpringMacroHelpers" value="true" />
		<property name="exposeRequestAttributes" value="true" />
		<property name="exposeSessionAttributes" value="true" />
	</bean>

	<!-- Freemarker配置 -->
	<bean id="freemarkerConfig"
		class="org.springframework.web.servlet.view.freemarker.FreeMarkerConfigurer">
		<property name="templateLoaderPath" value="/WEB-INF/view/" />
		<property name="defaultEncoding" value="UTF-8" />
		<property name="freemarkerSettings">
			<props>
				<prop key="template_update_delay">0</prop>
				<prop key="default_encoding">UTF-8</prop>
				<prop key="number_format">0.##########</prop>
				<prop key="datetime_format">yyyy-MM-dd HH:mm:ss</prop>
				<prop key="classic_compatible">true</prop>
				<prop key="template_exception_handler">ignore</prop>
			</props>
		</property>
		<!-- freemark 全局变量 -->
		<property name="freemarkerVariables">
			<map>
				<entry key="webroot" value="http://127.0.0.1:8080"></entry>
			</map>
		</property>
	</bean>

	<!-- 上传文件拦截，设置最大上传文件大小 30M=30*1024*1024(B)=31457280 bytes -->
	<bean id="multipartResolver"
		class="org.springframework.web.multipart.commons.CommonsMultipartResolver">
		<property name="maxUploadSize" value="31457280" />
	</bean>

	<mvc:interceptors>
		<!-- 直接定义在mvc:interceptors根下面的Interceptor将拦截所有的请求 -->
		<mvc:interceptor>
			<!-- 定义在mvc:interceptor下面的表示是对特定的请求才进行拦截的 -->
			<mvc:mapping path="/api/**" />
			<bean class="cn.mayongfa.interceptor.TestInterceptor"></bean>
		</mvc:interceptor>
		<!-- 权限认证拦截器
		<mvc:interceptor>
			<mvc:mapping path="/account/**"/>
			<bean class="cn.mayongfa.interceptor.AuthorityAnnotationInterceptor"></bean>
		</mvc:interceptor> -->
	</mvc:interceptors>

	<!-- API 接口跨域配置 -->
	<mvc:cors>
		<mvc:mapping path="/api/**" allowed-origins="*"
			allowed-methods="POST, GET, OPTIONS, DELETE, PUT"
			allowed-headers="Content-Type, Access-Control-Allow-Headers, Authorization, X-Requested-With"
			allow-credentials="true" />
	</mvc:cors>
</beans>